,Index,vsat/vc,psat/Pc
0,0,2.833333333333333,0.7262766313042526
1,1,3.5,0.6575475156173202
