,Index,VAD/vc,PAD/Pc,VBD/vc,PBD/Pc
0,0,1.2,1.0229669900161469,1.1902998808318537,1.0247435089270438
